{"110000": "beijing", "120000": "tianjin", "130000": "hebei", "140000": "shanxi", "150000": "neimenggu", "210000": "liaoning", "220000": "jilin", "230000": "heilongjiang", "310000": "shanghai", "320000": "jiangsu", "330000": "zhejiang", "340000": "anhui", "350000": "fujian", "360000": "jiangxi", "370000": "shandong", "410000": "henan", "420000": "hubei", "430000": "hunan", "440000": "guangdong", "450000": "guangxi", "460000": "hainan", "500000": "zhongqingshi", "510000": "sichuan", "520000": "guizhou", "530000": "yunnan", "540000": "xicang", "610000": "shanxi", "620000": "gansu", "630000": "qinghai", "640000": "ningxia", "650000": "xinjiang"}