{"110000": "beijing", "120000": "tianjin", "130000": "hebei", "130100": "shijiazhuangshi", "130200": "tangshanshi", "130300": "qinhuangdaoshi", "130400": "handanshi", "130500": "xingtaishi", "130600": "baodingshi", "130700": "zhangjiakoushi", "130800": "chengdeshi", "130900": "cangzhoushi", "131000": "langfangshi", "131100": "hengshuishi", "140000": "shanxi", "140100": "taiyuanshi", "140200": "datongshi", "140300": "yangquanshi", "140400": "changzhishi", "140500": "jinchengshi", "140600": "shuozhoushi", "140700": "jinzhongshi", "140800": "yunchengshi", "140900": "xinzhoushi", "141000": "linfenshi", "141100": "lvliangshi", "150000": "neimenggu", "150100": "huhehaoteshi", "150200": "baotoushi", "150300": "wuhaishi", "150400": "chifengshi", "150500": "tongliaoshi", "150600": "eerduosishi", "150700": "hulunbeiershi", "150800": "bayannaoershi", "150900": "wulanchabushi", "152200": "xinganmeng", "152500": "xilinguolemeng", "152900": "alashanmeng", "210000": "liaoning", "210100": "shenyangshi", "210200": "dalianshi", "210300": "anshanshi", "210400": "fushunshi", "210500": "benxishi", "210600": "dandongshi", "210700": "jinzhoushi", "210800": "yingkoushi", "210900": "fuxinshi", "211000": "liaoyangshi", "211100": "panjinshi", "211200": "tielingshi", "211300": "chaoyangshi", "211400": "huludaoshi", "220000": "jilin", "220100": "changchunshi", "220200": "jilinshi", "220300": "sipingshi", "220400": "liaoyuanshi", "220500": "tonghuashi", "220600": "baishanshi", "220700": "songyuanshi", "220800": "baichengshi", "222400": "yanbianchaoxianzuzizhizhou", "230000": "heilongjiang", "230100": "haerbinshi", "230200": "qiqihaershi", "230300": "jixishi", "230400": "hegangshi", "230500": "shuangyashanshi", "230600": "daqingshi", "230700": "yichunshi", "230800": "jiamusishi", "230900": "qitaiheshi", "231000": "mudanjiangshi", "231100": "heiheshi", "231200": "suihuashi", "232700": "daxinganlingdiqu", "310000": "shanghai", "320000": "jiangsu", "320100": "nanjingshi", "320200": "wuxishi", "320300": "xuzhoushi", "320400": "changzhoushi", "320500": "suzhoushi", "320600": "nantongshi", "320700": "lianyungangshi", "320800": "huaianshi", "320900": "yanchengshi", "321000": "yangzhoushi", "321100": "zhenjiangshi", "321200": "taizhoushi", "321300": "suqianshi", "330000": "zhejiang", "330100": "hangzhoushi", "330200": "ningboshi", "330300": "wenzhoushi", "330400": "jiaxingshi", "330500": "huzhoushi", "330600": "shaoxingshi", "330700": "jinhuashi", "330800": "zhoushi", "330900": "zhoushanshi", "331000": "taizhoushi", "331100": "lishuishi", "340000": "anhui", "340100": "hefeishi", "340200": "wuhushi", "340300": "bangbushi", "340400": "huainanshi", "340500": "maanshanshi", "340600": "huaibeishi", "340700": "tonglingshi", "340800": "anqingshi", "341000": "huangshanshi", "341100": "chuzhoushi", "341200": "fuyangshi", "341300": "suzhoushi", "341400": "chaohushi", "341500": "liuanshi", "341600": "zhoushi", "341700": "chizhoushi", "341800": "xuanchengshi", "350000": "fujian", "350100": "fuzhoushi", "350200": "xiamenshi", "350300": "putianshi", "350400": "sanmingshi", "350500": "quanzhoushi", "350600": "zhangzhoushi", "350700": "nanpingshi", "350800": "longyanshi", "350900": "ningdeshi", "360000": "jiangxi", "360100": "nanchangshi", "360200": "jingdezhenshi", "360300": "pingxiangshi", "360400": "jiujiangshi", "360500": "xinyushi", "360600": "yingtanshi", "360700": "ganzhoushi", "360800": "jianshi", "360900": "yichunshi", "361000": "fuzhoushi", "361100": "shangraoshi", "370000": "shandong", "370100": "jinanshi", "370200": "qingdaoshi", "370300": "ziboshi", "370400": "zaozhuangshi", "370500": "dongyingshi", "370600": "yantaishi", "370700": "weifangshi", "370800": "jiningshi", "370900": "taianshi", "371000": "weihaishi", "371100": "rizhaoshi", "371200": "laiwushi", "371300": "linyishi", "371400": "dezhoushi", "371500": "liaochengshi", "371600": "binzhoushi", "371700": "hezeshi", "410000": "henan", "410100": "zhengzhoushi", "410200": "kaifengshi", "410300": "luoyangshi", "410400": "pingdingshanshi", "410500": "anyangshi", "410600": "hebishi", "410700": "xinxiangshi", "410800": "jiaozuoshi", "410900": "yangshi", "411000": "xuchangshi", "411100": "heshi", "411200": "sanmenxiashi", "411300": "nanyangshi", "411400": "shangqiushi", "411500": "xinyangshi", "411600": "zhoukoushi", "411700": "zhumadianshi", "419000": "shengzhixiaxianjixingzhengquhua", "420000": "hubei", "420100": "wuhanshi", "420200": "huangshishi", "420300": "shiyanshi", "420500": "yichangshi", "420600": "xiangfanshi", "420700": "ezhoushi", "420800": "jingmenshi", "420900": "xiaoganshi", "421000": "jingzhoushi", "421100": "huanggangshi", "421200": "xianningshi", "421300": "suizhoushi", "422800": "enshitujiazumiaozuzizhizhou", "429000": "shengzhixiaxianjixingzhengquhua", "430000": "hunan", "430100": "changshashi", "430200": "zhuzhoushi", "430300": "xiangtanshi", "430400": "hengyangshi", "430500": "shaoyangshi", "430600": "yueyangshi", "430700": "changdeshi", "430800": "zhangjiajieshi", "430900": "yiyangshi", "431000": "chenzhoushi", "431100": "yongzhoushi", "431200": "huaihuashi", "431300": "loudishi", "433100": "xiangxitujiazumiaozuzizhizhou", "440000": "guangdong", "440100": "guangzhoushi", "440200": "shaoguanshi", "440300": "shenshi", "440400": "zhuhaishi", "440500": "shantoushi", "440600": "foshanshi", "440700": "jiangmenshi", "440800": "zhanjiangshi", "440900": "maomingshi", "441200": "zhaoqingshi", "441300": "huizhoushi", "441400": "meizhoushi", "441500": "shanweishi", "441600": "heyuanshi", "441700": "yangjiangshi", "441800": "qingyuanshi", "445100": "chaozhoushi", "445200": "jieyangshi", "445300": "yunfushi", "450000": "guangxi", "450100": "nanningshi", "450200": "liuzhoushi", "450300": "guilinshi", "450400": "wuzhoushi", "450500": "beihaishi", "450600": "fangchenggangshi", "450700": "qinzhoushi", "450800": "guigangshi", "450900": "yulinshi", "451000": "baiseshi", "451100": "hezhoushi", "451200": "hechishi", "451300": "laibinshi", "451400": "chongzuoshi", "460000": "hainan", "460100": "haikoushi", "469000": "shengzhixiaxianjixingzhengquhua", "500000": "zhongqingshi", "510000": "sichuan", "510100": "chengdushi", "510300": "zigongshi", "510400": "panzhihuashi", "510500": "zhoushi", "510600": "deyangshi", "510700": "mianyangshi", "510800": "guangyuanshi", "510900": "suiningshi", "511000": "neijiangshi", "511100": "leshanshi", "511300": "nanchongshi", "511400": "meishanshi", "511500": "yibinshi", "511600": "guanganshi", "511700": "dazhoushi", "511800": "yaanshi", "511900": "bazhongshi", "512000": "ziyangshi", "513200": "abacangzuqiangzuzizhizhou", "513300": "ganzicangzuzizhizhou", "513400": "liangshanyizuzizhizhou", "520000": "guizhou", "520100": "guiyangshi", "520200": "liupanshuishi", "520300": "zunyishi", "520400": "anshunshi", "522200": "tongrendiqu", "522300": "qianxinanbuyizumiaozuzizhizhou", "522400": "bijiediqu", "522600": "qiandongnanmiaozudongzuzizhizhou", "522700": "qiannanbuyizumiaozuzizhizhou", "530000": "yunnan", "530100": "kunmingshi", "530300": "qujingshi", "530400": "yuxishi", "530500": "baoshanshi", "530600": "zhaotongshi", "530700": "lijiangshi", "530800": "puershi", "530900": "lincangshi", "532300": "chuxiongyizuzizhizhou", "532500": "honghehanizuyizuzizhizhou", "532600": "wenshanzhuangzumiaozuzizhizhou", "532800": "xishuangbannadaizuzizhizhou", "532900": "dalibaizuzizhizhou", "533100": "dehongdaizujingpozuzizhizhou", "533300": "nujianglisuzuzizhizhou", "533400": "diqingcangzuzizhizhou", "540000": "xicang", "540100": "lasashi", "542100": "changdudiqu", "542200": "shannandiqu", "542300": "rikazediqu", "542400": "naqudiqu", "542500": "alidiqu", "542600": "linzhidiqu", "610000": "shanxi", "610100": "xianshi", "610200": "tongchuanshi", "610300": "baojishi", "610400": "xianyangshi", "610500": "weinanshi", "610600": "yananshi", "610700": "hanzhongshi", "610800": "yulinshi", "610900": "ankangshi", "611000": "shangluoshi", "620000": "gansu", "620100": "lanzhoushi", "620300": "jinchangshi", "620400": "baiyinshi", "620500": "tianshuishi", "620600": "wuweishi", "620700": "zhangyeshi", "620800": "pingliangshi", "620900": "jiuquanshi", "621000": "qingyangshi", "621100": "dingxishi", "621200": "longnanshi", "622900": "linxiahuizuzizhizhou", "623000": "gannancangzuzizhizhou", "630000": "qinghai", "630100": "xiningshi", "632100": "haidongdiqu", "632200": "haibeicangzuzizhizhou", "632300": "huangnancangzuzizhizhou", "632500": "hainancangzuzizhizhou", "632600": "guoluocangzuzizhizhou", "632700": "yushucangzuzizhizhou", "632800": "haiximengguzucangzuzizhizhou", "640000": "ningxia", "640100": "yinchuanshi", "640200": "shizuishanshi", "640300": "wuzhongshi", "640400": "guyuanshi", "640500": "zhongweishi", "650000": "xinjiang", "650100": "wulumuqishi", "650200": "kelamayishi", "652100": "tulufandiqu", "652200": "hamidiqu", "652300": "changjihuizuzizhizhou", "652700": "boertalamengguzizhizhou", "652800": "bayinguolengmengguzizhizhou", "652900": "akesudiqu", "653000": "kezilesukeerkezizizhizhou", "653100": "kashidiqu", "653200": "hetiandiqu", "654000": "yilihasakezizhizhou", "654200": "tachengdiqu", "654300": "aletaidiqu", "659000": "zizhiquzhixiaxianjixingzhengquhua"}
