[
   {
      "name":"Putian",
      "value":[
         119.007777,
         25.454084,
         71
      ]
   },
   {
      "name":"Zhangye",
      "value":[
         100.449818,
         38.925875,
         94
      ]
   },
   {
      "name":"Qiqihar",
      "value":[
         123.918186,
         47.35434799999999,
         79
      ]
   },
   {
      "name":"Yangjiang",
      "value":[
         111.982232,
         21.857958,
         76
      ]
   },
   {
      "name":"Shijiazhuang",
      "value":[
         114.514893,
         38.042805,
         170
      ]
   },
   {
      "name":"Dandong",
      "value":[
         124.35445,
         40.000787,
         80
      ]
   },
   {
      "name":"Foshan",
      "value":[
         113.121435,
         23.021478,
         88
      ]
   },
   {
      "name":"Huangshi",
      "value":[
         115.038835,
         30.20002999999999,
         119
      ]
   },
   {
      "name":"Lishui",
      "value":[
         119.922796,
         28.46763,
         79
      ]
   },
   {
      "name":"Shuozhou",
      "value":[
         112.432825,
         39.331595,
         99
      ]
   },
   {
      "name":"Hezhou",
      "value":[
         111.566694,
         24.403582,
         74
      ]
   },
   {
      "name":"Maoming",
      "value":[
         110.925439,
         21.662991,
         76
      ]
   },
   {
      "name":"Yantai",
      "value":[
         121.447852,
         37.46453899999999,
         90
      ]
   },
   {
      "name":"Shangluo",
      "value":[
         109.940477,
         33.870422,
         94
      ]
   },
   {
      "name":"Bozhou",
      "value":[
         115.778676,
         33.844582,
         97
      ]
   },
   {
      "name":"Baotou",
      "value":[
         109.840313,
         40.65797800000001,
         105
      ]
   },
   {
      "name":"Changzhou",
      "value":[
         119.974061,
         31.811226,
         100
      ]
   },
   {
      "name":"Liaoyuan",
      "value":[
         -71.08391809999999,
         42.3628299,
         101
      ]
   },
   {
      "name":"Deyang",
      "value":[
         104.397894,
         31.126855,
         97
      ]
   },
   {
      "name":"Luoyang",
      "value":[
         112.453926,
         34.620202,
         109
      ]
   },
   {
      "name":"Yichun",
      "value":[
         114.416785,
         27.815743,
         79
      ]
   },
   {
      "name":"Erdos",
      "value":[
         20.4695633,
         49.4022894,
         80
      ]
   },
   {
      "name":"Baise",
      "value":[
         106.618283,
         23.902479,
         74
      ]
   },
   {
      "name":"Bengbu",
      "value":[
         117.389719,
         32.916287,
         94
      ]
   },
   {
      "name":"Qinhuangdao",
      "value":[
         119.600523,
         39.935361,
         98
      ]
   },
   {
      "name":"Guyuan",
      "value":[
         106.24261,
         36.01585499999999,
         101
      ]
   },
   {
      "name":"Shangrao",
      "value":[
         117.943433,
         28.454862,
         79
      ]
   },
   {
      "name":"Beihai",
      "value":[
         109.120161,
         21.481291,
         74
      ]
   },
   {
      "name":"Neijiang",
      "value":[
         105.058433,
         29.580228,
         88
      ]
   },
   {
      "name":"Nanjing",
      "value":[
         118.796877,
         32.060255,
         109
      ]
   },
   {
      "name":"Chongzuo",
      "value":[
         107.365094,
         22.377253,
         74
      ]
   },
   {
      "name":"Dingxi",
      "value":[
         104.626282,
         35.580662,
         94
      ]
   },
   {
      "name":"Nanyang",
      "value":[
         112.528308,
         32.990664,
         114
      ]
   },
   {
      "name":"Jieyang",
      "value":[
         116.372708,
         23.549701,
         85
      ]
   },
   {
      "name":"Fuxin",
      "value":[
         121.670273,
         42.021602,
         86
      ]
   },
   {
      "name":"Anshun",
      "value":[
         105.947595,
         26.253088,
         84
      ]
   },
   {
      "name":"Yuxi",
      "value":[
         102.527197,
         24.347324,
         61
      ]
   },
   {
      "name":"Weinan",
      "value":[
         109.502882,
         34.49938,
         111
      ]
   },
   {
      "name":"Jining",
      "value":[
         116.587282,
         35.41498199999999,
         126
      ]
   },
   {
      "name":"Hanzhong",
      "value":[
         107.023323,
         33.06748,
         94
      ]
   },
   {
      "name":"Jinzhong",
      "value":[
         112.752652,
         37.687357,
         99
      ]
   },
   {
      "name":"Linfen",
      "value":[
         111.518975,
         36.088005,
         93
      ]
   },
   {
      "name":"Wuhai",
      "value":[
         106.794216,
         39.655248,
         105
      ]
   },
   {
      "name":"Pingxiang",
      "value":[
         113.854556,
         27.622768,
         83
      ]
   },
   {
      "name":"Chaozhou",
      "value":[
         116.622756,
         23.656703,
         86
      ]
   },
   {
      "name":"Jinzhou",
      "value":[
         121.1268459,
         41.095685,
         100
      ]
   },
   {
      "name":"Shangqiu",
      "value":[
         115.656339,
         34.414961,
         114
      ]
   },
   {
      "name":"Jinhua",
      "value":[
         119.64742,
         29.079175,
         98
      ]
   },
   {
      "name":"Qinzhou",
      "value":[
         108.654146,
         21.979933,
         74
      ]
   },
   {
      "name":"Yiyang",
      "value":[
         112.35518,
         28.55386,
         98
      ]
   },
   {
      "name":"Jincheng",
      "value":[
         112.851831,
         35.490701,
         99
      ]
   },
   {
      "name":"Luohe",
      "value":[
         114.016536,
         33.580873,
         117
      ]
   },
   {
      "name":"Suqian",
      "value":[
         118.275198,
         33.963232,
         101
      ]
   },
   {
      "name":"Weihai",
      "value":[
         122.120419,
         37.513068,
         88
      ]
   },
   {
      "name":"Wuxi",
      "value":[
         120.31191,
         31.491169,
         103
      ]
   },
   {
      "name":"Ziyang",
      "value":[
         104.627636,
         30.128901,
         100
      ]
   },
   {
      "name":"Ganzhou",
      "value":[
         114.933546,
         25.830694,
         79
      ]
   },
   {
      "name":"Hechi",
      "value":[
         4.401498699999999,
         51.2666134,
         74
      ]
   },
   {
      "name":"Fushun",
      "value":[
         123.957208,
         41.880872,
         96
      ]
   },
   {
      "name":"Zhoushan",
      "value":[
         122.207215,
         29.98529499999999,
         74
      ]
   },
   {
      "name":"Shaoyang",
      "value":[
         111.467674,
         27.23895,
         100
      ]
   },
   {
      "name":"Nantong",
      "value":[
         120.894291,
         31.980171,
         95
      ]
   },
   {
      "name":"Jiamusi",
      "value":[
         130.3188779,
         46.799777,
         84
      ]
   },
   {
      "name":"Xinxiang",
      "value":[
         113.926763,
         35.303704,
         129
      ]
   },
   {
      "name":"Lianyungang",
      "value":[
         119.221611,
         34.596653,
         100
      ]
   },
   {
      "name":"Heze",
      "value":[
         115.480656,
         35.23375,
         136
      ]
   },
   {
      "name":"Zhanjiang",
      "value":[
         110.359368,
         21.270702,
         83
      ]
   },
   {
      "name":"Hegang",
      "value":[
         130.297964,
         47.349916,
         79
      ]
   },
   {
      "name":"Binzhou",
      "value":[
         117.970699,
         37.38198,
         121
      ]
   },
   {
      "name":"Ulanqab",
      "value":[
         113.132585,
         40.994785,
         80
      ]
   },
   {
      "name":"Jingdezhen",
      "value":[
         117.178443,
         29.268783,
         83
      ]
   },
   {
      "name":"Zhuzhou",
      "value":[
         113.133853,
         27.827986,
         102
      ]
   },
   {
      "name":"Jingmen",
      "value":[
         112.199427,
         31.035395,
         125
      ]
   },
   {
      "name":"Zigong",
      "value":[
         104.778442,
         29.33903,
         104
      ]
   },
   {
      "name":"Dazhou",
      "value":[
         107.468023,
         31.20957099999999,
         100
      ]
   },
   {
      "name":"Nanchong",
      "value":[
         106.110698,
         30.837793,
         101
      ]
   },
   {
      "name":"Baoshan",
      "value":[
         99.16176100000001,
         25.112046,
         61
      ]
   },
   {
      "name":"Meishan",
      "value":[
         103.848396,
         30.07728,
         101
      ]
   },
   {
      "name":"Baoji",
      "value":[
         107.237743,
         34.363184,
         109
      ]
   },
   {
      "name":"Yueyang",
      "value":[
         113.12873,
         29.356803,
         95
      ]
   },
   {
      "name":"Dalian",
      "value":[
         121.614682,
         38.91400300000001,
         86
      ]
   },
   {
      "name":"Tongchuan",
      "value":[
         108.945019,
         34.897887,
         108
      ]
   },
   {
      "name":"Huaibei",
      "value":[
         116.798265,
         33.955844,
         97
      ]
   },
   {
      "name":"Heyuan",
      "value":[
         114.700961,
         23.743685,
         76
      ]
   },
   {
      "name":"Maanshan",
      "value":[
         118.507011,
         31.67044,
         97
      ]
   },
   {
      "name":"Jiaozuo",
      "value":[
         113.241823,
         35.215892,
         117
      ]
   },
   {
      "name":"Chuzhou",
      "value":[
         118.328321,
         32.25342500000001,
         97
      ]
   },
   {
      "name":"Suining",
      "value":[
         105.592898,
         30.532847,
         88
      ]
   },
   {
      "name":"Zunyi",
      "value":[
         106.927389,
         27.725654,
         84
      ]
   },
   {
      "name":"Shiyan",
      "value":[
         110.798266,
         32.629398,
         119
      ]
   },
   {
      "name":"Anqing",
      "value":[
         117.115101,
         30.531919,
         97
      ]
   },
   {
      "name":"Zhumadian",
      "value":[
         114.022298,
         33.011529,
         114
      ]
   },
   {
      "name":"Xining",
      "value":[
         101.778223,
         36.617134,
         94
      ]
   },
   {
      "name":"Jixi",
      "value":[
         130.969333,
         45.295075,
         79
      ]
   },
   {
      "name":"Cangzhou",
      "value":[
         116.838834,
         38.30447700000001,
         126
      ]
   },
   {
      "name":"Xianyang",
      "value":[
         108.708991,
         34.329605,
         110
      ]
   },
   {
      "name":"Liaoyang",
      "value":[
         123.236944,
         41.267244,
         86
      ]
   },
   {
      "name":"Ningbo",
      "value":[
         121.54399,
         29.868336,
         82
      ]
   },
   {
      "name":"Shantou",
      "value":[
         116.681972,
         23.354091,
         74
      ]
   },
   {
      "name":"Laiwu",
      "value":[
         117.676723,
         36.213813,
         129
      ]
   },
   {
      "name":"Lincang",
      "value":[
         100.088824,
         23.884154,
         61
      ]
   },
   {
      "name":"Hulunbuir",
      "value":[
         119.765607,
         49.211742,
         80
      ]
   },
   {
      "name":"Rizhao",
      "value":[
         119.526925,
         35.416734,
         100
      ]
   },
   {
      "name":"Shanghai",
      "value":[
         121.4737021,
         31.2303904,
         88
      ]
   },
   {
      "name":"Pingdingshan",
      "value":[
         113.192661,
         33.766169,
         122
      ]
   },
   {
      "name":"Shaoguan",
      "value":[
         113.59762,
         24.810879,
         86
      ]
   },
   {
      "name":"Wuzhong",
      "value":[
         106.198393,
         37.99746,
         101
      ]
   },
   {
      "name":"Tianshui",
      "value":[
         105.72498,
         34.58088499999999,
         94
      ]
   },
   {
      "name":"Loudi",
      "value":[
         111.993497,
         27.700062,
         98
      ]
   },
   {
      "name":"Quzhou",
      "value":[
         118.859457,
         28.970079,
         87
      ]
   },
   {
      "name":"Qingyuan",
      "value":[
         113.056042,
         23.681774,
         81
      ]
   },
   {
      "name":"Yingkou",
      "value":[
         122.235084,
         40.667433,
         86
      ]
   },
   {
      "name":"Xuancheng",
      "value":[
         118.75868,
         30.940195,
         97
      ]
   },
   {
      "name":"Xiaogan",
      "value":[
         113.957037,
         30.917766,
         125
      ]
   },
   {
      "name":"Meizhou",
      "value":[
         116.122523,
         24.288578,
         74
      ]
   },
   {
      "name":"Ezhou",
      "value":[
         114.894843,
         30.39194,
         125
      ]
   },
   {
      "name":"Nanning",
      "value":[
         108.366543,
         22.817002,
         81
      ]
   },
   {
      "name":"Lanzhou",
      "value":[
         103.834303,
         36.061089,
         97
      ]
   },
   {
      "name":"Wuhan",
      "value":[
         114.305539,
         30.592849,
         119
      ]
   },
   {
      "name":"Ya'an",
      "value":[
         103.013261,
         29.980537,
         100
      ]
   },
   {
      "name":"Harbin",
      "value":[
         126.534967,
         45.80377499999999,
         112
      ]
   },
   {
      "name":"Hohhot",
      "value":[
         111.749995,
         40.842356,
         92
      ]
   },
   {
      "name":"Yulin",
      "value":[
         110.18122,
         22.654032,
         94
      ]
   },
   {
      "name":"Guilin",
      "value":[
         110.179953,
         25.234479,
         100
      ]
   },
   {
      "name":"Suihua",
      "value":[
         126.968887,
         46.653845,
         90
      ]
   },
   {
      "name":"Chengdu",
      "value":[
         104.066801,
         30.572815,
         110
      ]
   },
   {
      "name":"Shenyang",
      "value":[
         123.431472,
         41.805699,
         111
      ]
   },
   {
      "name":"Chizhou",
      "value":[
         117.489156,
         30.656037,
         97
      ]
   },
   {
      "name":"Zhangjiakou",
      "value":[
         114.886335,
         40.76754400000001,
         84
      ]
   },
   {
      "name":"Tongling",
      "value":[
         117.81154,
         30.945515,
         97
      ]
   },
   {
      "name":"Xingtai",
      "value":[
         114.504677,
         37.070834,
         175
      ]
   },
   {
      "name":"Handan",
      "value":[
         114.538961,
         36.625656,
         151
      ]
   },
   {
      "name":"Leshan",
      "value":[
         103.765678,
         29.552115,
         88
      ]
   },
   {
      "name":"Wuzhou",
      "value":[
         111.279115,
         23.476962,
         100
      ]
   },
   {
      "name":"Shanwei",
      "value":[
         115.375158,
         22.786186,
         77
      ]
   },
   {
      "name":"Fuyang",
      "value":[
         115.814504,
         32.890479,
         97
      ]
   },
   {
      "name":"Shuangyashan",
      "value":[
         131.159133,
         46.646508,
         79
      ]
   },
   {
      "name":"Changsha",
      "value":[
         112.938814,
         28.228209,
         105
      ]
   },
   {
      "name":"Karamay",
      "value":[
         84.88920700000001,
         45.579888,
         77
      ]
   },
   {
      "name":"Xinyang",
      "value":[
         114.091192,
         32.147679,
         114
      ]
   },
   {
      "name":"Dezhou",
      "value":[
         116.357464,
         37.43409200000001,
         138
      ]
   },
   {
      "name":"Baishan",
      "value":[
         126.422806,
         41.93391700000001,
         101
      ]
   },
   {
      "name":"Tangshan",
      "value":[
         118.180193,
         39.63086699999999,
         136
      ]
   },
   {
      "name":"Xuchang",
      "value":[
         113.852454,
         34.035771,
         117
      ]
   },
   {
      "name":"Baoding",
      "value":[
         -80.83287779999999,
         35.1474946,
         172
      ]
   },
   {
      "name":"Nanping",
      "value":[
         118.17771,
         26.641774,
         69
      ]
   },
   {
      "name":"Panzhihua",
      "value":[
         101.718637,
         26.582347,
         68
      ]
   },
   {
      "name":"Hefei",
      "value":[
         117.227219,
         31.820591,
         111
      ]
   },
   {
      "name":"Bazhong",
      "value":[
         106.747477,
         31.867903,
         100
      ]
   },
   {
      "name":"Benxi",
      "value":[
         123.685142,
         41.486981,
         87
      ]
   },
   {
      "name":"Jiujiang",
      "value":[
         116.00193,
         29.705077,
         79
      ]
   },
   {
      "name":"Pingliang",
      "value":[
         106.665131,
         35.543061,
         94
      ]
   },
   {
      "name":"Xianning",
      "value":[
         114.322439,
         29.841438,
         121
      ]
   },
   {
      "name":"Yongzhou",
      "value":[
         111.613445,
         26.420394,
         98
      ]
   },
   {
      "name":"Urumqi",
      "value":[
         87.61684799999999,
         43.825592,
         112
      ]
   },
   {
      "name":"Changchun",
      "value":[
         125.323544,
         43.817071,
         101
      ]
   },
   {
      "name":"Qujing",
      "value":[
         103.796167,
         25.489999,
         69
      ]
   },
   {
      "name":"Suzhou",
      "value":[
         120.585289,
         31.298974,
         97
      ]
   },
   {
      "name":"Shaoxing",
      "value":[
         120.586109,
         29.995762,
         99
      ]
   },
   {
      "name":"Jiangmen",
      "value":[
         113.081508,
         22.579117,
         83
      ]
   },
   {
      "name":"Lu'an",
      "value":[
         116.521442,
         31.734476,
         97
      ]
   },
   {
      "name":"Huizhou",
      "value":[
         114.415801,
         23.112257,
         79
      ]
   },
   {
      "name":"Huangshan",
      "value":[
         118.169798,
         30.113962,
         97
      ]
   },
   {
      "name":"Longnan",
      "value":[
         104.921841,
         33.400684,
         94
      ]
   },
   {
      "name":"Yingtan",
      "value":[
         117.069202,
         28.260189,
         79
      ]
   },
   {
      "name":"Qingdao",
      "value":[
         120.382609,
         36.067108,
         94
      ]
   },
   {
      "name":"Xiamen",
      "value":[
         118.089425,
         24.479833,
         71
      ]
   },
   {
      "name":"Huaihua",
      "value":[
         110.001922,
         27.569517,
         98
      ]
   },
   {
      "name":"Zhongwei",
      "value":[
         105.196902,
         37.499972,
         101
      ]
   },
   {
      "name":"Huanggang",
      "value":[
         114.872199,
         30.453667,
         121
      ]
   },
   {
      "name":"Guigang",
      "value":[
         109.598926,
         23.11153,
         74
      ]
   },
   {
      "name":"Chenzhou",
      "value":[
         113.014717,
         25.770509,
         98
      ]
   },
   {
      "name":"Guiyang",
      "value":[
         106.630153,
         26.647661,
         77
      ]
   },
   {
      "name":"Lvliang",
      "value":[
         111.144319,
         37.518314,
         93
      ]
   },
   {
      "name":"Chengde",
      "value":[
         117.96275,
         40.952942,
         99
      ]
   },
   {
      "name":"Siping",
      "value":[
         124.350398,
         43.166419,
         101
      ]
   },
   {
      "name":"Zhengzhou",
      "value":[
         113.625328,
         34.746611,
         122
      ]
   },
   {
      "name":"Ankang",
      "value":[
         109.029022,
         32.684714,
         94
      ]
   },
   {
      "name":"Fuzhou",
      "value":[
         119.296482,
         26.074478,
         79
      ]
   },
   {
      "name":"Yichang",
      "value":[
         111.286471,
         30.691966,
         125
      ]
   },
   {
      "name":"Zibo",
      "value":[
         118.055019,
         36.813546,
         134
      ]
   },
   {
      "name":"Changde",
      "value":[
         111.698784,
         29.031654,
         101
      ]
   },
   {
      "name":"Longyan",
      "value":[
         117.017536,
         25.075123,
         69
      ]
   },
   {
      "name":"Shizuishan",
      "value":[
         106.383303,
         38.983236,
         101
      ]
   },
   {
      "name":"Hengyang",
      "value":[
         112.572018,
         26.893368,
         100
      ]
   },
   {
      "name":"Sanming",
      "value":[
         117.638678,
         26.263406,
         71
      ]
   },
   {
      "name":"Wuwei",
      "value":[
         102.638201,
         37.928267,
         94
      ]
   },
   {
      "name":"Liupanshui",
      "value":[
         104.830359,
         26.592666,
         77
      ]
   },
   {
      "name":"Wenzhou",
      "value":[
         120.699361,
         27.993828,
         81
      ]
   },
   {
      "name":"Jinan",
      "value":[
         117.120095,
         36.6512,
         132
      ]
   },
   {
      "name":"Jilin",
      "value":[
         126.4371385,
         43.1520105,
         101
      ]
   },
   {
      "name":"Yibin",
      "value":[
         104.643159,
         28.751836,
         100
      ]
   },
   {
      "name":"Ningde",
      "value":[
         119.547932,
         26.665617,
         69
      ]
   },
   {
      "name":"Guangzhou",
      "value":[
         113.264385,
         23.12911,
         88
      ]
   },
   {
      "name":"YunfU",
      "value":[
         112.044491,
         22.915094,
         75
      ]
   },
   {
      "name":"Lasa",
      "value":[
         -97.656741,
         30.313549,
         66
      ]
   },
   {
      "name":"Beijing",
      "value":[
         116.4073963,
         39.90419989999999,
         134
      ]
   },
   {
      "name":"Luzhou",
      "value":[
         105.44174,
         28.871569,
         99
      ]
   },
   {
      "name":"Liuzhou",
      "value":[
         109.428608,
         24.326292,
         98
      ]
   },
   {
      "name":"Tianjin",
      "value":[
         117.3616476,
         39.3433574,
         121
      ]
   },
   {
      "name":"Yancheng",
      "value":[
         120.16366,
         33.347316,
         93
      ]
   },
   {
      "name":"Zhangzhou",
      "value":[
         117.647093,
         24.513025,
         69
      ]
   },
   {
      "name":"Jiuquan",
      "value":[
         98.494548,
         39.73287,
         94
      ]
   },
   {
      "name":"Qitaihe",
      "value":[
         131.0031381,
         45.771726,
         84
      ]
   },
   {
      "name":"Mudanjiang",
      "value":[
         129.633168,
         44.55165299999999,
         90
      ]
   },
   {
      "name":"Daqing",
      "value":[
         125.103784,
         46.589309,
         84
      ]
   },
   {
      "name":"Baiyin",
      "value":[
         104.138586,
         36.545015,
         94
      ]
   },
   {
      "name":"Huludao",
      "value":[
         120.83694,
         40.71104,
         94
      ]
   },
   {
      "name":"Zhaoqing",
      "value":[
         112.465091,
         23.047191,
         92
      ]
   },
   {
      "name":"Zhoukou",
      "value":[
         114.69695,
         33.626149,
         114
      ]
   },
   {
      "name":"Tonghua",
      "value":[
         125.939697,
         41.728401,
         101
      ]
   },
   {
      "name":"Sanmenxia",
      "value":[
         111.200367,
         34.772792,
         114
      ]
   },
   {
      "name":"Yan'an",
      "value":[
         109.489757,
         36.585445,
         94
      ]
   },
   {
      "name":"Huai'an",
      "value":[
         119.113185,
         33.551052,
         107
      ]
   },
   {
      "name":"Lijiang",
      "value":[
         100.22775,
         26.855047,
         61
      ]
   },
   {
      "name":"Taiyuan",
      "value":[
         112.548879,
         37.87059,
         109
      ]
   },
   {
      "name":"Hebi",
      "value":[
         114.297201,
         35.748233,
         129
      ]
   },
   {
      "name":"Zhenjiang",
      "value":[
         119.425836,
         32.187849,
         101
      ]
   },
   {
      "name":"Xiangtan",
      "value":[
         112.944026,
         27.829795,
         100
      ]
   },
   {
      "name":"Anyang",
      "value":[
         114.392392,
         36.097577,
         129
      ]
   },
   {
      "name":"Shenzhen",
      "value":[
         114.057865,
         22.543096,
         66
      ]
   },
   {
      "name":"Changzhi",
      "value":[
         113.116404,
         36.195409,
         99
      ]
   },
   {
      "name":"Xuzhou",
      "value":[
         117.284124,
         34.205768,
         102
      ]
   },
   {
      "name":"Huzhou",
      "value":[
         120.086809,
         30.89440999999999,
         100
      ]
   },
   {
      "name":"Liaocheng",
      "value":[
         115.98546,
         36.45703,
         133
      ]
   },
   {
      "name":"Heihe",
      "value":[
         127.528293,
         50.245129,
         90
      ]
   },
   {
      "name":"Suizhou",
      "value":[
         113.382458,
         31.690215,
         121
      ]
   }
]